"Trait ID","Trait name","Method","RS#","Chromosome","Marker position (bp)","QTN effect","LOD score","'-log10(P)'","r2 (%)","MAF","Genotype for code 1","Var_error","Var_phen (total)"
"1","  59.50","mrMLM","PZA03188.4","1","280719882"," 6.8202","5.3220","6.1307"," 6.3990","0.2780","CC","271.8159","412.2487"
"1","  59.50","mrMLM","PZA00277.9","2","141942814","-5.3651","3.1486","3.8532"," 4.4709","0.1913","GG","",""
"1","  59.50","mrMLM","PZB00274.4","3","150837246"," 6.3904","4.0062","4.7581"," 5.2212","0.1606","CC","",""
"1","  59.50","mrMLM","PZB00811.1","8","160536300","-8.9960","3.8261","4.5689","16.2461","0.1841","GG","",""
"1","  59.50","mrMLM","PZB00379.1","9"," 26661626","-4.1766","4.0169","4.7693"," 3.7893","0.4711","AA","",""
"1","  59.50","mrMLM","PZA02916.5","9"," 15582100","-4.7261","3.9245","4.6723"," 4.8081","0.4134","AA","",""
"1","  59.50","FASTmrMLM","PZA03188.4","1","280719882","5.8603","5.5312","6.3477","5.1772","0.2832","CC","282.1821","412.2487"
"1","  59.50","FASTmrMLM","PZA00277.9","2","141942814","-3.8234","3.4715","4.1952","2.4881","0.1935","GG","",""
"1","  59.50","FASTmrMLM","PZB00274.4","3","150837246","4.9809","3.8574","4.6018","3.476","0.1595","CC","",""
"1","  59.50","FASTmrMLM","PZB01892.1","3","161573186","-6.7299","3.0022","3.6976","2.3321","0.0484","GG","",""
"1","  59.50","FASTmrMLM","PZB00811.1","8","160536300","-7.5882","3.9888","4.7398","12.6669","0.1828","GG","",""
"1","  59.50","FASTmrMLM","PZA02916.5","9","15582100","-3.9006","4.0239","4.7766","3.589","0.414","AA","",""
"1","  59.50","FASTmrMLM","PZB00379.1","9","26661626","-3.5951","3.801","4.5425","3.0767","0.4713","AA","",""
"1","  59.50","FASTmrEMMA","PZA03188.4","1","280719882","11.8777","4.2366","4.9996","5.4744","0.2832","CC","339.648","412.2487"
"1","  59.50","FASTmrEMMA","PZB00811.1","8","160536300","-20.5769","5.9723","6.8044","6.1394","0.1828","GG","",""
"1","  59.50","pLARmEB","PZA00447.8","1","9024005","3.8163","4.9998","5.7959","1.9176","0.4928","CC","236.245","412.2487"
"1","  59.50","pLARmEB","PZA03188.4","1","280719882","4.4827","3.1011","3.8028","1.6959","0.2832","CC","",""
"1","  59.50","pLARmEB","PZA03761.3","3","110715343","-4.3865","4.0629","4.8176","1.3376","0.1487","CC","",""
"1","  59.50","pLARmEB","PZA00387.1","6","84289867","2.4998","3.6972","4.4332","0.7878","0.4301","AA","",""
"1","  59.50","pLARmEB","PZA03624.1","7","20238391","-3.7589","5.1691","5.9719","1.7683","0.371","CC","",""
"1","  59.50","pLARmEB","PZB00811.1","8","160536300","-7.0623","3.662","4.3961","6.1426","0.1828","GG","",""
"1","  59.50","pLARmEB","PZB00379.1","9","26661626","-3.4897","4.1763","4.9364","1.6229","0.4713","AA","",""
"1","  59.50","pLARmEB","PZA02945.10","10","33619582","3.1581","3.7443","4.4828","1.2483","0.3961","TT","",""
"1","  59.50","pKWmEB","PZA03188.4"," 1","280719882"," 4.5333","3.3444","4.0608"," 4.3961","0.2780","CC","249.0441","412.2487"
"1","  59.50","pKWmEB","an1.5"," 1","175504926"," 3.2920","3.5104","4.2362"," 4.1444","0.3845","GG","",""
"1","  59.50","pKWmEB","PZA03559.1"," 2"," 15810363"," 3.9721","5.0968","5.8968"," 4.1249","0.4296","CC","",""
"1","  59.50","pKWmEB","PZA03536.1"," 4","107751353"," 2.8483","3.8788","4.6243"," 3.3187","0.3827","GG","",""
"1","  59.50","pKWmEB","PZA03284.3"," 5"," 91651999","-4.0050","4.5513","5.3286"," 5.0744","0.2220","GG","",""
"1","  59.50","pKWmEB","PZA03624.1"," 7"," 20238391","-3.3608","4.1282","4.8860"," 4.6563","0.3700","CC","",""
"1","  59.50","pKWmEB","PZB00811.1"," 8","160536300","-7.5757","4.0807","4.8362","17.3729","0.1841","GG","",""
"1","  59.50","pKWmEB","PZB00379.1"," 9"," 26661626","-3.0610","3.1432","3.8475"," 3.0663","0.4711","AA","",""
"1","  59.50","pKWmEB","PZA02945.10","10"," 33619582"," 3.1364","3.4384","4.1602"," 2.6415","0.3917","TT","",""
"1","  59.50","ISIS EM-BLASSO","an1.5","1","175504926","3.6372","4.2515","5.0152","3.11","0.3817","GG","238.381","412.2487"
"1","  59.50","ISIS EM-BLASSO","PZA03188.4","1","280719882","4.2969","3.4133","4.1336","2.8353","0.2832","CC","",""
"1","  59.50","ISIS EM-BLASSO","PZA03559.1","2","15810363","3.746","4.4151","5.1863","3.344","0.4265","CC","",""
"1","  59.50","ISIS EM-BLASSO","PZA03761.3","3","110715343","-3.4204","3.0255","3.7224","1.4799","0.1487","CC","",""
"1","  59.50","ISIS EM-BLASSO","PZB01892.1","3","161573186","-6.4311","3.0998","3.8014","2.1694","0.0484","GG","",""
"1","  59.50","ISIS EM-BLASSO","PZA00112.5","5","13664679","-5.218","3.9945","4.7458","2.8984","0.1165","AA","",""
"1","  59.50","ISIS EM-BLASSO","PZB00811.1","8","160536300","-7.3518","3.8828","4.6285","12.1121","0.1828","GG","",""
"1","  59.50","ISIS EM-BLASSO","PZA02945.10","10","33619582","3.0839","3.5337","4.2608","2.1659","0.3961","TT","",""
